Calendars,Newsletters,Services
"<a href=""https://www.pcwoodbury.com/wp-content/uploads/2020/02/2020_03.pdf"" title=""March 2020"" target=""_new"" rel=""noopener noreferrer"">March 2020</a>","<a href=""https://www.pcwoodbury.com/wp-content/uploads/2020/08/newsletter_57_16.pdf"" target=""_new"" rel=""noopener noreferrer"">August 19, 2020</a>","<a href=""https://www.pcwoodbury.com/2020/08/16/sunday-services-playback-august-16-2020/"" title=""August 16,2020 service"">August 16, 2020</a>"
"<a href=""https://www.pcwoodbury.com/wp-content/uploads/2020/01/2020_02.pdf"" title=""February 2020"" target=""_new"" rel=""noopener noreferrer"">February 2020</a>","<a href=""https://www.pcwoodbury.com/wp-content/uploads/2020/08/newsletter_57_15.pdf"" target=""_new"" rel=""noopener noreferrer"">August 5, 2020</a>","<a href=""https://www.pcwoodbury.com/2020/08/08/sunday-services-playback-august-9-2020/"" title=""August 9,2020 service"">August 9, 2020</a>"
"<a href=""https://www.pcwoodbury.com/wp-content/uploads/2020/01/2020_01.pdf"" title=""January 2020"" target=""_new"" rel=""noopener noreferrer"">January 2020</a>","<a href=""https://www.pcwoodbury.com/wp-content/uploads/2020/07/newsletter_57_14.pdf"" target=""_new"" rel=""noopener noreferrer"">July 15, 2020</a>","<a href=""https://www.pcwoodbury.com/2020/08/02/sunday-services-playback-august-2-2020/"" title=""August 2,2020 service"">August 2, 2020</a>"
2019,"<a href=""https://www.pcwoodbury.com/wp-content/uploads/2020/07/newsletter_57_13.pdf"" target=""_new"" rel=""noopener noreferrer"">July 1, 2020</a>","<a href=""https://www.pcwoodbury.com/2020/07/26/sunday-services-playback-july-26-2020/"" title=""July 19,2020 service""Â>July 26, 2020</a>"
"<a href=""https://www.pcwoodbury.com/wp-content/uploads/2019/11/calendar_2019_12.pdf"" title=""December 2019"" target=""_new"" rel=""noopener noreferrer"">December 2019</a>","<a href=""https://www.pcwoodbury.com/wp-content/uploads/2020/06/newsletter_57_12.pdf"" target=""_new"" rel=""noopener noreferrer"">June 17, 2020</a>","<a href=""https://www.pcwoodbury.com/2020/07/19/sunday-services-playback-july-19-2020/""ÃÂÃÂ title=""July 19,2020 service""ÃÂ>July 19, 2020</a>"
"<a href=""https://www.pcwoodbury.com/wp-content/uploads/2019/11/calendar_2019_11.pdf"" title=""November 2019"" target=""_new"" rel=""noopener noreferrer"">November 2019</a>","<a href=""https://www.pcwoodbury.com/wp-content/uploads/2020/06/newsletter_57_11.pdf"" target=""_new"" rel=""noopener noreferrer"">June 3, 2020</a>","<a href=""https://www.pcwoodbury.com/2020/07/12/sunday-services-playback-july-12-2020/""ÃÂÃÂÃÂÃÂ title=""July 12,2020 service""ÃÂÃÂ>July 12, 2020</a>"
"<a href=""https://www.pcwoodbury.com/wp-content/uploads/2019/10/calendar_2019_10.pdf"" title=""October 2019"" target=""_new"" rel=""noopener noreferrer"">October 2019</a>","<a href=""https://www.pcwoodbury.com/wp-content/uploads/2020/05/newsletter_57_10.pdf"" target=""_new"" rel=""noopener noreferrer"">May 20, 2020</a>","<a href=""https://www.pcwoodbury.com/2020/07/05/sunday-services-playback-july-5-2020/""ÃÂÃÂÃÂÃÂ title=""July 5,2020 service""ÃÂÃÂ>July 5, 2020</a>"
"<a href=""https://www.pcwoodbury.com/wp-content/uploads/2019/08/calendar_2019_09.pdf"" title=""September 2019"" target=""_new"" rel=""noopener noreferrer"">September 2019</a>","<a href=""https://www.pcwoodbury.com/wp-content/uploads/2020/05/newsletter_57_09.pdf"" target=""_new"" rel=""noopener noreferrer"">May 6, 2020</a>","<a href=""https://www.pcwoodbury.com/2020/06/28/sunday-services-playback-june-28-2020/""ÃÂÃÂÃÂÃÂ title=""June 28,2020 service""ÃÂÃÂ>June 28, 2020</a>"
"<a href=""https://www.pcwoodbury.com/wp-content/uploads/2019/05/calendar_2019_06.pdf"" title=""June 2019"" target=""_new"" rel=""noopener noreferrer"">June 2019</a>","<a href=""https://www.pcwoodbury.com/wp-content/uploads/2020/04/newsletter_57_08.pdf"" target=""_new"" rel=""noopener noreferrer"">April 15, 2020</a>","<a href=""https://www.pcwoodbury.com/2020/06/19/sunday-service-playback-june-21-2020/""ÃÂÃÂÃÂÃÂ title=""June 21,2020 service""ÃÂÃÂÃÂÃÂ>June 21, 2020</a>"
"<a href=""https://www.pcwoodbury.com/wp-content/uploads/2019/04/calendar_2019_05.pdf"" title=""May 2019"" target=""_new"" rel=""noopener noreferrer"">May 2019</a>","<a href=""https://www.pcwoodbury.com/wp-content/uploads/2020/04/newsletter_57_07.pdf"" target=""_new"" rel=""noopener noreferrer"">April 1, 2020</a>","<a href=""https://www.pcwoodbury.com/2020/06/12/sunday-service-playback-june-14-2020/""ÃÂÃÂÃÂÃÂÃÂÃÂÃÂÃÂÃÂÃÂÃÂÃÂÃÂÃÂÃÂÃÂ title=""June 14,2020 service""ÃÂÃÂÃÂÃÂÃÂÃÂÃÂÃÂ>June 14, 2020</a>"
"<a href=""https://www.pcwoodbury.com/wp-content/uploads/2019/03/calendar_2019_04.pdf"" title=""April 2019"" target=""_new"" rel=""noopener noreferrer"">April 2019</a>","<a href=""https://www.pcwoodbury.com/wp-content/uploads/2020/03/newsletter_57_06.pdf"" target=""_new"" rel=""noopener noreferrer"">March 18, 2020</a>","<a href=""https://www.pcwoodbury.com/2020/06/07/sunday-service-playback-june-7-2020/""ÃÂÃÂÃÂÃÂÃÂÃÂÃÂÃÂ title=""June 7,2020 service""ÃÂÃÂÃÂÃÂÃÂÃÂÃÂÃÂ>June 7, 2020</a>"
"<a href=""https://www.pcwoodbury.com/wp-content/uploads/2019/02/calendar_2019_03.pdf"" title=""March 2019"" target=""_new"" rel=""noopener noreferrer"">March 2019</a>","<a href=""https://www.pcwoodbury.com/wp-content/uploads/2020/03/newsletter_57_05.pdf"" target=""_new"" rel=""noopener noreferrer"">March 5, 2020</a>","<a href=""https://www.pcwoodbury.com/2020/05/31/sunday-services-playback-may-31-2020/""ÃÂÃÂÃÂÃÂÃÂÃÂÃÂÃÂ title=""May 31,2020 service""ÃÂÃÂÃÂÃÂÃÂÃÂÃÂÃÂ>May 31, 2020</a>"
"<a href=""https://www.pcwoodbury.com/wp-content/uploads/2019/02/calendar_2019_02.pdf"" title=""February 2019"" target=""_new"" rel=""noopener noreferrer"">February 2019</a>","<a href=""https://www.pcwoodbury.com/wp-content/uploads/2020/02/newsletter_57_04.pdf"" target=""_new"" rel=""noopener noreferrer"">February 19, 2020</a>","<a href=""https://www.pcwoodbury.com/2020/05/22/sunday-services-playback-may-24-2020/""ÃÂÃÂÃÂÃÂÃÂÃÂÃÂÃÂÃÂÃÂÃÂÃÂÃÂÃÂÃÂÃÂÃÂÃÂÃÂÃÂÃÂÃÂÃÂÃÂÃÂÃÂÃÂÃÂÃÂÃÂÃÂÃÂÃÂÃÂÃÂÃÂÃÂÃÂÃÂÃÂÃÂÃÂÃÂÃÂÃÂÃÂÃÂÃÂÃÂÃÂÃÂÃÂÃÂÃÂÃÂÃÂÃÂÃÂÃÂÃÂÃÂÃÂÃÂÃÂ title=""May 24,2020 service""ÃÂÃÂÃÂÃÂÃÂÃÂÃÂÃÂÃÂÃÂÃÂÃÂÃÂÃÂÃÂÃÂÃÂÃÂÃÂÃÂÃÂÃÂÃÂÃÂÃÂÃÂÃÂÃÂÃÂÃÂÃÂÃÂÃÂÃÂÃÂÃÂÃÂÃÂÃÂÃÂÃÂÃÂÃÂÃÂÃÂÃÂÃÂÃÂÃÂÃÂÃÂÃÂÃÂÃÂÃÂÃÂÃÂÃÂÃÂÃÂÃÂÃÂÃÂÃÂ>May 24, 2020</a>"
"<a href=""https://www.pcwoodbury.com/wp-content/uploads/2019/01/calendar_2019_01.pdf"" title=""January 2019"" target=""_new"" rel=""noopener noreferrer"">January 2019</a>
","<a href=""https://www.pcwoodbury.com/wp-content/uploads/2020/02/newsletter_57_03.pdf"" target=""_new"" rel=""noopener noreferrer"">February 5, 2020</a>","<a href=""https://www.pcwoodbury.com/2020/05/17/sunday-services-playback-may-17-2020/""ÃÂÃÂÃÂÃÂÃÂÃÂÃÂÃÂÃÂÃÂÃÂÃÂÃÂÃÂÃÂÃÂÃÂÃÂÃÂÃÂÃÂÃÂÃÂÃÂÃÂÃÂÃÂÃÂÃÂÃÂÃÂÃÂÃÂÃÂÃÂÃÂÃÂÃÂÃÂÃÂÃÂÃÂÃÂÃÂÃÂÃÂÃÂÃÂÃÂÃÂÃÂÃÂÃÂÃÂÃÂÃÂÃÂÃÂÃÂÃÂÃÂÃÂÃÂÃÂ title=""May 17,2020 service""ÃÂÃÂÃÂÃÂÃÂÃÂÃÂÃÂÃÂÃÂÃÂÃÂÃÂÃÂÃÂÃÂÃÂÃÂÃÂÃÂÃÂÃÂÃÂÃÂÃÂÃÂÃÂÃÂÃÂÃÂÃÂÃÂÃÂÃÂÃÂÃÂÃÂÃÂÃÂÃÂÃÂÃÂÃÂÃÂÃÂÃÂÃÂÃÂÃÂÃÂÃÂÃÂÃÂÃÂÃÂÃÂÃÂÃÂÃÂÃÂÃÂÃÂÃÂÃÂ>May 17, 2020</a>"
2018,"<a href=""https://www.pcwoodbury.com/wp-content/uploads/2020/01/newsletter_57_02.pdf"" target=""_new"" rel=""noopener noreferrer"">January 29, 2020</a>","<a href=""https://www.pcwoodbury.com/2020/05/03/sunday-services-playback-may-3-2020/"" target=""_NEW"" rel=""noopener noreferrer"">May 3, 2020</a>"
,"<a href=""https://www.pcwoodbury.com/wp-content/uploads/2020/01/newsletter_57_01.pdf"" target=""_new"" rel=""noopener noreferrer"">January 8, 2020</a>","<a href=""https://www.pcwoodbury.com/2020/04/26/sunday-services-playback-april-26-2020/"" title=""April 26, 2020""ÃÂÃÂÃÂÃÂÃÂÃÂÃÂÃÂÃÂÃÂÃÂÃÂÃÂÃÂÃÂÃÂÃÂÃÂÃÂÃÂÃÂÃÂÃÂÃÂÃÂÃÂÃÂÃÂÃÂÃÂÃÂÃÂÃÂÃÂÃÂÃÂÃÂÃÂÃÂÃÂÃÂÃÂÃÂÃÂÃÂÃÂÃÂÃÂÃÂÃÂÃÂÃÂÃÂÃÂÃÂÃÂÃÂÃÂÃÂÃÂÃÂÃÂÃÂÃÂÃÂÃÂÃÂÃÂÃÂÃÂÃÂÃÂÃÂÃÂÃÂÃÂÃÂÃÂÃÂÃÂÃÂÃÂÃÂÃÂÃÂÃÂÃÂÃÂÃÂÃÂÃÂÃÂÃÂÃÂÃÂÃÂÃÂÃÂÃÂÃÂÃÂÃÂÃÂÃÂÃÂÃÂÃÂÃÂÃÂÃÂÃÂÃÂÃÂÃÂÃÂÃÂÃÂÃÂÃÂÃÂÃÂÃÂÃÂÃÂÃÂÃÂÃÂÃÂ>April 26, 2020</a>"
"<a href=""https://www.pcwoodbury.com/wp-content/uploads/2018/11/201812_pcw.pdf"" title=""December 2018"" target=""_new"" rel=""noopener noreferrer"">December 2018</a>",2019,"<a href=""https://www.pcwoodbury.com/2020/04/19/sunday-services-playback/"" title=""Easter Sunday""ÃÂÃÂÃÂÃÂÃÂÃÂÃÂÃÂÃÂÃÂÃÂÃÂÃÂÃÂÃÂÃÂÃÂÃÂÃÂÃÂÃÂÃÂÃÂÃÂÃÂÃÂÃÂÃÂÃÂÃÂÃÂÃÂÃÂÃÂÃÂÃÂÃÂÃÂÃÂÃÂÃÂÃÂÃÂÃÂÃÂÃÂÃÂÃÂÃÂÃÂÃÂÃÂÃÂÃÂÃÂÃÂÃÂÃÂÃÂÃÂÃÂÃÂÃÂÃÂÃÂÃÂÃÂÃÂÃÂÃÂÃÂÃÂÃÂÃÂÃÂÃÂÃÂÃÂÃÂÃÂÃÂÃÂÃÂÃÂÃÂÃÂÃÂÃÂÃÂÃÂÃÂÃÂÃÂÃÂÃÂÃÂÃÂÃÂÃÂÃÂÃÂÃÂÃÂÃÂÃÂÃÂÃÂÃÂÃÂÃÂÃÂÃÂÃÂÃÂÃÂÃÂÃÂÃÂÃÂÃÂÃÂÃÂÃÂÃÂÃÂÃÂÃÂÃÂ >April 19, 2020</a>"
"<a href=""https://www.pcwoodbury.com/wp-content/uploads/2018/10/201811_pcw.pdf"" title=""November 2018"" target=""_new"" rel=""noopener noreferrer"">November 2018</a>","<a href=""https://www.pcwoodbury.com/wp-content/uploads/2019/12/newsletter_56_24.pdf"" target=""_new"" rel=""noopener noreferrer"">December 18, 2019</a>","<a href=""https://www.pcwoodbury.com/2020/04/12/easter-service-playback/"" title=""Easter Sunday""ÃÂÃÂÃÂÃÂÃÂÃÂÃÂÃÂÃÂÃÂÃÂÃÂÃÂÃÂÃÂÃÂÃÂÃÂÃÂÃÂÃÂÃÂÃÂÃÂÃÂÃÂÃÂÃÂÃÂÃÂÃÂÃÂÃÂÃÂÃÂÃÂÃÂÃÂÃÂÃÂÃÂÃÂÃÂÃÂÃÂÃÂÃÂÃÂÃÂÃÂÃÂÃÂÃÂÃÂÃÂÃÂÃÂÃÂÃÂÃÂÃÂÃÂÃÂÃÂÃÂÃÂÃÂÃÂÃÂÃÂÃÂÃÂÃÂÃÂÃÂÃÂÃÂÃÂÃÂÃÂÃÂÃÂÃÂÃÂÃÂÃÂÃÂÃÂÃÂÃÂÃÂÃÂÃÂÃÂÃÂÃÂÃÂÃÂÃÂÃÂÃÂÃÂÃÂÃÂÃÂÃÂÃÂÃÂÃÂÃÂÃÂÃÂÃÂÃÂÃÂÃÂÃÂÃÂÃÂÃÂÃÂÃÂÃÂÃÂÃÂÃÂÃÂÃÂ >Easter Sunday</a>"
"<a href=""https://www.pcwoodbury.com/wp-content/uploads/2018/09/201810_pcw.pdf"" title=""October 2018"" target=""_new"" rel=""noopener noreferrer"">October 2018</a>","<a href=""https://www.pcwoodbury.com/wp-content/uploads/2019/12/newsletter_56_23.pdf"" target=""_new"" rel=""noopener noreferrer"">December 4, 2019</a>","<a href=""https://www.pcwoodbury.com/2020/04/10/good-friday-service-playback/"" title=""Good Friday""ÃÂÃÂÃÂÃÂÃÂÃÂÃÂÃÂÃÂÃÂÃÂÃÂÃÂÃÂÃÂÃÂÃÂÃÂÃÂÃÂÃÂÃÂÃÂÃÂÃÂÃÂÃÂÃÂÃÂÃÂÃÂÃÂÃÂÃÂÃÂÃÂÃÂÃÂÃÂÃÂÃÂÃÂÃÂÃÂÃÂÃÂÃÂÃÂÃÂÃÂÃÂÃÂÃÂÃÂÃÂÃÂÃÂÃÂÃÂÃÂÃÂÃÂÃÂÃÂÃÂÃÂÃÂÃÂÃÂÃÂÃÂÃÂÃÂÃÂÃÂÃÂÃÂÃÂÃÂÃÂÃÂÃÂÃÂÃÂÃÂÃÂÃÂÃÂÃÂÃÂÃÂÃÂÃÂÃÂÃÂÃÂÃÂÃÂÃÂÃÂÃÂÃÂÃÂÃÂÃÂÃÂÃÂÃÂÃÂÃÂÃÂÃÂÃÂÃÂÃÂÃÂÃÂÃÂÃÂÃÂÃÂÃÂÃÂÃÂÃÂÃÂÃÂÃÂ rel=""noopener noreferrer"">Good Friday</a>"
"<a href=""https://www.pcwoodbury.com/wp-content/uploads/2018/09/201809_pcw.pdf"" title=""September 2018"" target=""_new"" rel=""noopener noreferrer"">September 2018</a>","<a href=""https://www.pcwoodbury.com/wp-content/uploads/2019/11/newsletter_56_22.pdf"" target=""_new"" rel=""noopener noreferrer"">November 20, 2019</a>","<a href=""https://www.pcwoodbury.com/2020/04/09/maundy-thursday-service-playback/"" title=""Maundy Thursday"" rel=""noopener noreferrer"">Maundy Thursday</a>"
"<a href=""https://www.pcwoodbury.com/wp-content/uploads/2018/08/201808_pcw.pdf"" title=""August 2018"" target=""_new"" rel=""noopener noreferrer"">August 2018</a>","<a href=""https://www.pcwoodbury.com/wp-content/uploads/2019/11/newsletter_56_21.pdf"" target=""_new"" rel=""noopener noreferrer"">November 6, 2019</a>","<a href=""https://www.facebook.com/presbyterianchurchatwoodbury/videos/215828962848824/"" target=""_NEW"" title=""April 5,  2020"" rel=""noopener noreferrer"">April 5, 2020</a>"
"<a href=""https://www.pcwoodbury.com/wp-content/uploads/2018/07/201807_pcw.pdf"" title=""July 2018"" target=""_new"" rel=""noopener noreferrer"">July 2018</a>","<a href=""https://www.pcwoodbury.com/wp-content/uploads/2019/10/newsletter_56_20.pdf"" target=""_new"" rel=""noopener noreferrer"">October 17, 2019</a>","<a href=""https://www.facebook.com/presbyterianchurchatwoodbury.com/presbyterianchurchatwoodbury/videos/205772064169528/"" title=""Sunday March 20, 2020 Service Video"" target=""_NEW"" rel=""noopener noreferrer"">March 20, 2020</a>"
"<a href=""https://www.pcwoodbury.com/wp-content/uploads/2018/06/201806_pcw.pdf"" title=""June 2018"" target=""_new"" rel=""noopener noreferrer"">June 2018</a>","<a href=""https://www.pcwoodbury.com/wp-content/uploads/2019/10/newsletter_56_19.pdf"" target=""_new"" rel=""noopener noreferrer"">October 3, 2019</a>",
"<a href=""https://www.pcwoodbury.com/wp-content/uploads/2018/05/201805_pcw.pdf"" title=""May 2018"" target=""_new"" rel=""noopener noreferrer"">May 2018</a>","<a href=""https://www.pcwoodbury.com/wp-content/uploads/2019/09/newsletter_56_18.pdf"" title=""September 18, 2019"" target=""_new"" rel=""noopener noreferrer"">September 18, 2019</a>",
"<a href=""https://www.pcwoodbury.com/wp-content/uploads/2018/03/201804_pcw.pdf"" title=""April 2018"" target=""_new"" rel=""noopener noreferrer"">April 2018</a>","<a href=""https://www.pcwoodbury.com/wp-content/uploads/2019/09/newsletter_56_17.pdf"" title=""September 5, 2019"" target=""_new"" rel=""noopener noreferrer"">September 5, 2019</a>",
"<a href=""https://www.pcwoodbury.com/wp-content/uploads/2018/02/201803_pcw.pdf"" title=""March 2018"" target=""_new"" rel=""noopener noreferrer"">March 2018</a>","<a href=""https://www.pcwoodbury.com/wp-content/uploads/2019/08/newsletter_56_16.pdf"" title=""August 21, 2019"" target=""_new"" rel=""noopener noreferrer"">August 21, 2019</a>",
"<a href=""https://www.pcwoodbury.com/wp-content/uploads/2018/01/201802_pcw.pdf"" title=""February 2018"" target=""_new"" rel=""noopener noreferrer"">February 2018</a>","<a href=""https://www.pcwoodbury.com/wp-content/uploads/2019/08/newsletter_56_15.pdf"" title=""August 7, 2019"" target=""_new"" rel=""noopener noreferrer"">August 7, 2019</a>",
"<a href=""https://www.pcwoodbury.com/wp-content/uploads/2018/01/201801_pcw.pdf"" title=""January 2018"" target=""_new"" rel=""noopener noreferrer"">January 2018</a>","<a href=""https://www.pcwoodbury.com/wp-content/uploads/2019/07/newsletter_56_14.pdf"" title=""July 17, 2019"" target=""_new"" rel=""noopener noreferrer"">July 17, 2019</a>",
2017,"<a href=""https://www.pcwoodbury.com/wp-content/uploads/2019/07/newsletter_56_13.pdf"" title=""July 4, 2019"" target=""_new"" rel=""noopener noreferrer"">July 4, 2019</a>",
"<a href=""https://www.pcwoodbury.com/wp-content/uploads/2017/11/pcw_cal_201712.pdf"" title=""December 2017"" target=""_new"" rel=""noopener noreferrer"">December 2017</a>","<a href=""https://www.pcwoodbury.com/wp-content/uploads/2019/06/newsletter_56_12.pdf"" title=""June 19, 2019"" target=""_new"" rel=""noopener noreferrer"">June 19, 2019</a>",
"<a href=""https://www.pcwoodbury.com/wp-content/uploads/2017/10/pcw_cal_201711.pdf"" title=""November 2017"" target=""_new"" rel=""noopener noreferrer"">November 2017</a>","<a href=""https://www.pcwoodbury.com/wp-content/uploads/2019/06/newsletter_56_11.pdf"" title=""June 5, 2019"" target=""_new"" rel=""noopener noreferrer"">June 5, 2019</a>",
"<a href=""https://www.pcwoodbury.com/wp-content/uploads/2017/09/pcw_cal_201710.pdf"" title=""October 2017"" target=""_new"" rel=""noopener noreferrer"">October 2017</a>","<a href=""https://www.pcwoodbury.com/wp-content/uploads/2019/05/newsletter_56_10.pdf"" title=""May 22, 2019"" target=""_new"" rel=""noopener noreferrer"">May 22, 2019</a>",
"<a href=""https://www.pcwoodbury.com/wp-content/uploads/2017/08/pcw_cal_201709.pdf"" title=""September 2017"" target=""_new"" rel=""noopener noreferrer"">September 2017</a>","<a href=""https://www.pcwoodbury.com/wp-content/uploads/2019/05/newsletter_56_09.pdf"" title=""May 8, 2019"" target=""_new"" rel=""noopener noreferrer"">May 8, 2019</a>",
"<a href=""https://www.pcwoodbury.com/wp-content/uploads/2017/08/pcw_cal_201708.pdf"" title=""August 2017"" target=""_new"" rel=""noopener noreferrer"">August, 2017</a>","<a href=""https://www.pcwoodbury.com/wp-content/uploads/2019/04/newsletter_56_08.pdf"" title=""April 24, 2019"" target=""_new"" rel=""noopener noreferrer"">April 24, 2019</a>",
"<a href=""https://www.pcwoodbury.com/wp-content/uploads/2017/08/pcw_cal_201707.pdf"" title=""July 2017"" target=""_new"" rel=""noopener noreferrer"">July, 2017</a>","<a href=""https://www.pcwoodbury.com/wp-content/uploads/2019/04/newsletter_56_07.pdf"" title=""April 10, 2019"" target=""_new"" rel=""noopener noreferrer"">April 10, 2019</a>",
,"<a href=""https://www.pcwoodbury.com/wp-content/uploads/2019/03/newsletter_56_06.pdf"" title=""March 27, 2019"" target=""_new"" rel=""noopener noreferrer"">March 27, 2019</a>",
,"<a href=""https://www.pcwoodbury.com/wp-content/uploads/2019/03/newsletter_56_05.pdf"" title=""March 13, 2019"" target=""_new"" rel=""noopener noreferrer"">March 13, 2019</a>",
,"<a href=""https://www.pcwoodbury.com/wp-content/uploads/2019/02/newsletter_56_04.pdf"" title=""February 28, 2019"" target=""_new"" rel=""noopener noreferrer"">February 28, 2019</a>",
,"<a href=""https://www.pcwoodbury.com/wp-content/uploads/2019/02/newsletter_56_03.pdf"" title=""February 6, 2019"" target=""_new"" rel=""noopener noreferrer"">February 6, 2019</a>",
,"Newsletter v.56 i.02
",
,"<a href=""https://www.pcwoodbury.com/wp-content/uploads/2019/01/newsletter_56_01"" title=""January 13, 2019"" target=""_new"" rel=""noopener noreferrer"">January 13, 2019</a>",
,2018,
,"<a href=""https://www.pcwoodbury.com/wp-content/uploads/2018/12/pcw_v55_i24.pdf"" title=""December 19, 2018"" target=""_new"" rel=""noopener noreferrer"">December 19, 2018</a>",
,"<a href=""https://www.pcwoodbury.com/wp-content/uploads/2018/12/pcw_v55_i23.pdf"" title=""December 5, 2018"" target=""_new"" rel=""noopener noreferrer"">December 5, 2018</a>",
,"<a href=""https://www.pcwoodbury.com/wp-content/uploads/2018/11/pcw_v55_i22.pdf"" title=""November 21, 2018"" target=""_new"" rel=""noopener noreferrer"">November 21, 2018</a>",
,"<a href=""https://www.pcwoodbury.com/wp-content/uploads/2018/11/pcw_v55_i21.pdf"" title=""November 7, 2018"" target=""_new"" rel=""noopener noreferrer"">November 7, 2018</a>",
,"<a href=""https://www.pcwoodbury.com/wp-content/uploads/2018/10/pcw_v55_i20.pdf"" title=""October 17, 2018"" target=""_new"" rel=""noopener noreferrer"">October 17, 2018</a>",
,"<a href=""https://www.pcwoodbury.com/wp-content/uploads/2018/10/pcw_v55_i19.pdf"" title=""October 3, 2018"" target=""_new"" rel=""noopener noreferrer"">October 3, 2018</a>",
,"<a href=""https://www.pcwoodbury.com/wp-content/uploads/2018/09/pcw_v55_i18.pdf"" title=""September 18, 2018"" target=""_new"" rel=""noopener noreferrer"">September 18, 2018</a>",
,"<a href=""https://www.pcwoodbury.com/wp-content/uploads/2018/09/pcw_v55_i17.pdf"" title=""September 9, 2018"" target=""_new"" rel=""noopener noreferrer"">September 9, 2018</a>",
,"<a href=""https://www.pcwoodbury.com/wp-content/uploads/2018/08/pcw_v55_i16_revised.pdf"" title=""August 15, 2018"" target=""_new"" rel=""noopener noreferrer"">August 15, 2018</a>",
,"<a href=""https://www.pcwoodbury.com/wp-content/uploads/2018/08/20180502_pcw_v55_i15.pdf"" title=""August 1, 2018"" target=""_new"" rel=""noopener noreferrer"">August 1, 2018</a>",
,"<a href=""https://www.pcwoodbury.com/wp-content/uploads/2018/07/20180502_pcw_v55_i14.pdf"" title=""July 17, 2018"" target=""_new"" rel=""noopener noreferrer"">July 17, 2018</a>",
,"<a href=""https://www.pcwoodbury.com/wp-content/uploads/2018/07/20180502_pcw_v55_i13.pdf"" title=""July 6, 2018"" target=""_new"" rel=""noopener noreferrer"">July 06, 2018</a>",
,"<a href=""https://www.pcwoodbury.com/wp-content/uploads/2018/06/20180502_pcw_v55_i12.pdf"" title=""June 20, 2018"" target=""_new"" rel=""noopener noreferrer"">June 20, 2018</a>",
,"<a href=""https://www.pcwoodbury.com/wp-content/uploads/2018/06/20180502_pcw_v55_i11.pdf"" title=""June 6, 2018"" target=""_new"" rel=""noopener noreferrer"">June 6, 2018</a>",
,"<a href=""https://www.pcwoodbury.com/wp-content/uploads/2018/05/20180502_pcw_v55_i10.pdf"" title=""May 16, 2018"" target=""_new"" rel=""noopener noreferrer"">May 16, 2018</a>",
,"<a href=""https://www.pcwoodbury.com/wp-content/uploads/2018/05/20180502_pcw_v55_i9.pdf"" title=""May 2, 2018"" target=""_new"" rel=""noopener noreferrer"">May 2, 2018</a>",
,"<a href=""https://www.pcwoodbury.com/wp-content/uploads/2018/04/20180103_pcw_v55_i8.pdf"" title=""April 18, 2018"" target=""_new"" rel=""noopener noreferrer"">April 18, 2018</a>",
,"<a href=""https://www.pcwoodbury.com/wp-content/uploads/2018/04/20180103_pcw_v55_i7.pdf"" title=""April 4, 2018"" target=""_new"" rel=""noopener noreferrer"">April 4, 2018</a>",
,"<a href=""https://www.pcwoodbury.com/wp-content/uploads/2018/03/20180103_pcw_v55_i6.pdf"" title=""March 23, 2018"" target=""_new"" rel=""noopener noreferrer"">March 23, 2018</a>",
,"<a href=""https://www.pcwoodbury.com/wp-content/uploads/2018/02/20180103_pcw_v55_i4.pdf"" title=""February 21, 2018"" target=""_new"" rel=""noopener noreferrer"">February 21, 2018</a>",
,"<a href=""https://www.pcwoodbury.com/wp-content/uploads/2018/02/20180103_pcw_v55_i3.pdf"" title=""February 7, 2018"" target=""_new"" rel=""noopener noreferrer"">February 7, 2018</a>",
,"<a href=""https://www.pcwoodbury.com/wp-content/uploads/2018/01/20180103_pcw_v55_i2.pdf"" title=""January 17, 2018"" target=""_new"" rel=""noopener noreferrer"">January 17, 2018</a>",
,"<a href=""https://www.pcwoodbury.com/wp-content/uploads/2018/01/20180103_pcw_v55_i1.pdf"" title=""January 3, 2018"" target=""_new"" rel=""noopener noreferrer"">January 3, 2018</a>",
,2017,
,"<a href=""https://www.pcwoodbury.com/wp-content/uploads/2017/12/20170815_i54_v24.pdf"" title=""December 19, 2017"" target=""_new"" rel=""noopener noreferrer"">December 19 2017</a>",
,"<a href=""https://www.pcwoodbury.com/wp-content/uploads/2017/12/20170815_i54_v23.pdf"" title=""December 6, 2017"" target=""_new"" rel=""noopener noreferrer"">December 6 2017</a>",
,"<a href=""https://www.pcwoodbury.com/wp-content/uploads/2017/11/20170815_i54_v22.pdf"" title=""November 21, 2017"" target=""_new"" rel=""noopener noreferrer"">November 21, 2017</a>",
,"<a href=""https://www.pcwoodbury.com/wp-content/uploads/2017/11/20170815_i54_v21.pdf"" title=""November 7, 2017"" target=""_new"" rel=""noopener noreferrer"">November 7, 2017</a>",
,"<a href=""https://www.pcwoodbury.com/wp-content/uploads/2017/10/20170815_i54_v20.pdf"" title=""October 17, 2017"" target=""_new"" rel=""noopener noreferrer"">October 17, 2017</a>",
,"<a href=""https://www.pcwoodbury.com/wp-content/uploads/2017/10/20170815_i54_v19.pdf"" title=""October 4, 2017"" target=""_new"" rel=""noopener noreferrer"">October 4, 2017</a>",
,"<a href=""https://www.pcwoodbury.com/wp-content/uploads/2017/09/20170815_i54_v18.pdf"" title=""September 19, 2017"" target=""_new"" rel=""noopener noreferrer"">September 19, 2017</a>",
,"<a href=""https://www.pcwoodbury.com/wp-content/uploads/2017/09/20170815_i54_v17.pdf"" title=""September 5, 2017"" target=""_new"" rel=""noopener noreferrer"">September 5, 2017</a>",
,"<a href=""https://www.pcwoodbury.com/wp-content/uploads/2017/08/20170815_i54_v16.pdf"" title=""August 2017"" target=""_new"" rel=""noopener noreferrer"">August 15, 2017</a>",
,"<a href=""https://www.pcwoodbury.com/wp-content/uploads/2017/08/20170801_i54_v15.pdf"" title=""August 2017"" target=""_new"" rel=""noopener noreferrer"">August 01, 2017</a>",
,"<a href=""https://www.pcwoodbury.com/wp-content/uploads/2017/08/20170704_i54_v13.pdf"" title=""July 4, 2017"" target=""_new"" rel=""noopener noreferrer"">July 4, 2017</a>",
,"<a href=""https://www.pcwoodbury.com/wp-content/uploads/2017/08/20170621_i54_v12.pdf"" title=""June 21, 2017"" target=""_new"" rel=""noopener noreferrer"">June 21, 2017</a>",
